Workbook

Sheet Connectedness
C1: CONNECTEDNESS | I1: Possitive influence | J1: 1 | L1: MIN | M1: =Connectedness!G7 -> -4
I2: No influence | J2: 0 | L2: MAX | M2: =Potential!G4 -> 3
B3: Cycle | C3: Slow variables | D3: Fast variables | E3: Collapse for a transition | F3: Process to reorganization | I3: Negative influence | J3: -1
B4: 1 | C4: 1 | D4: -1 | E4: -1 | F4: 0 | G4: =SUM(C4:F4) -> -1 | H4: =$M$4+(G4-$M$1)*(($M$5-$M$4)/($M$2-$M$1)) -> 0.42857143 | L4: MIN_n | M4: 0
B5: 2 | C5: 1 | D5: -1 | E5: -1 | F5: 1 | G5: =SUM(C5:F5) -> 0 | H5: =$M$4+(G5-$M$1)*(($M$5-$M$4)/($M$2-$M$1)) -> 0.57142857 | L5: MAX_n | M5: 1
B6: 3 | C6: 1 | D6: -1 | E6: -1 | F6: -1 | G6: =SUM(C6:F6) -> -2 | H6: =$M$4+(G6-$M$1)*(($M$5-$M$4)/($M$2-$M$1)) -> 0.28571429
B7: 4 | C7: -1 | D7: -1 | E7: -1 | F7: -1 | G7: =SUM(C7:F7) -> -4 | H7: =$M$4+(G7-$M$1)*(($M$5-$M$4)/($M$2-$M$1)) -> 0
B8: 5 | C8: 1 | D8: 1 | E8: 0 | G8: =SUM(C8:F8) -> 2 | H8: =$M$4+(G8-$M$1)*(($M$5-$M$4)/($M$2-$M$1)) -> 0.85714286

Sheet Potential
C1: POTENTIAL | I1: Possitive influence | J1: 1 | L1: MIN | M1: =Connectedness!G7 -> -4
I2: No influence | J2: 0 | L2: MAX | M2: =Potential!G4 -> 3
B3: Cycle | C3: Slow variables | D3: Fast variables | E3: Collapse for a transition | F3: Process to reorganization | I3: Negative influence | J3: -1
B4: 1 | C4: 1 | D4: 1 | E4: 0 | F4: 1 | G4: =SUM(C4:F4) -> 3 | H4: =$M$4+(G4-$M$1)*(($M$5-$M$4)/($M$2-$M$1)) -> 1 | L4: MIN_n | M4: 0
B5: 2 | C5: 1 | D5: 1 | E5: -1 | F5: 1 | G5: =SUM(C5:F5) -> 2 | H5: =$M$4+(G5-$M$1)*(($M$5-$M$4)/($M$2-$M$1)) -> 0.85714286 | L5: MAX_n | M5: 1
B6: 3 | C6: 1 | D6: 1 | E6: -1 | F6: 1 | G6: =SUM(C6:F6) -> 2 | H6: =$M$4+(G6-$M$1)*(($M$5-$M$4)/($M$2-$M$1)) -> 0.85714286
B7: 4 | C7: 1 | D7: 1 | E7: -1 | F7: 1 | G7: =SUM(C7:F7) -> 2 | H7: =$M$4+(G7-$M$1)*(($M$5-$M$4)/($M$2-$M$1)) -> 0.85714286
B8: 5 | C8: -1 | D8: 1 | E8: -1 | G8: =SUM(C8:F8) -> -1 | H8: =$M$4+(G8-$M$1)*(($M$5-$M$4)/($M$2-$M$1)) -> 0.42857143

Sheet Resilience
C1: RESILIENCE | I1: Possitive influence | J1: 1 | L1: MIN | M1: =Connectedness!G7 -> -4
I2: No influence | J2: 0 | L2: MAX | M2: =Potential!G4 -> 3
B3: Cycle | C3: Slow variables | D3: Fast variables | E3: Collapse for a transition | F3: Process to reorganization | G3: SUM | H3: NORM | I3: Negative influence | J3: -1
B4: 1 | C4: 0 | D4: -1 | E4: -1 | F4: -1 | G4: =SUM(C4:F4) -> -3 | H4: =$M$4+(G4-$M$1)*(($M$5-$M$4)/($M$2-$M$1)) -> 0.14285714 | L4: MIN_n | M4: 0
B5: 2 | C5: 1 | D5: -1 | E5: -1 | F5: 1 | G5: =SUM(C5:F5) -> 0 | H5: =$M$4+(G5-$M$1)*(($M$5-$M$4)/($M$2-$M$1)) -> 0.57142857 | L5: MAX_n | M5: 1
B6: 3 | C6: 1 | D6: 1 | E6: -1 | F6: 0 | G6: =SUM(C6:F6) -> 1 | H6: =$M$4+(G6-$M$1)*(($M$5-$M$4)/($M$2-$M$1)) -> 0.71428571
B7: 4 | C7: 0 | D7: -1 | E7: -1 | F7: 0 | G7: =SUM(C7:F7) -> -2 | H7: =$M$4+(G7-$M$1)*(($M$5-$M$4)/($M$2-$M$1)) -> 0.28571429
B8: 5 | C8: 1 | D8: 0 | E8: -1 | G8: =SUM(C8:F8) -> 0 | H8: =$M$4+(G8-$M$1)*(($M$5-$M$4)/($M$2-$M$1)) -> 0.57142857

Sheet Cycles
C2: 1 | D2: 2 | E2: 3 | F2: 4 | G2: 5
B3: Connectedness | C3: =Connectedness!H4 -> 0.42857143 | D3: =Connectedness!H5 -> 0.57142857 | E3: =Connectedness!H6 -> 0.28571429 | F3: =Connectedness!H7 -> 0 | G3: =Connectedness!H8 -> 0.85714286
B4: Potential | C4: =Potential!H4 -> 1 | D4: =Potential!H5 -> 0.85714286 | E4: =Potential!H6 -> 0.85714286 | F4: =Potential!H7 -> 0.85714286 | G4: =Potential!H8 -> 0.42857143
B5: Resilience | C5: =Resilience!H4 -> 0.14285714 | D5: =Resilience!H5 -> 0.57142857 | E5: =Resilience!H6 -> 0.71428571 | F5: =Resilience!H7 -> 0.28571429 | G5: =Resilience!H8 -> 0.57142857
